<?xml version="1.0" encoding="UTF-8"?>
<project-private xmlns="http://www.netbeans.org/ns/project-private/1">
    <editor-bookmarks xmlns="http://www.netbeans.org/ns/editor-bookmarks/2" lastBookmarkId="0"/>
    <open-files xmlns="http://www.netbeans.org/ns/projectui-open-files/2">
        <group>
            <file>file:/E:/DISCO_E/TSI/Disciplinas-TSI/4_semestre/SW4/Projeto%201%20-%201ª%20Avaliação/JogoDaForca/src/java/beans/RegistroBean.java</file>
            <file>file:/E:/DISCO_E/TSI/Disciplinas-TSI/4_semestre/SW4/Projeto%201%20-%201ª%20Avaliação/JogoDaForca/src/java/beans/JogoBean.java</file>
            <file>file:/E:/DISCO_E/TSI/Disciplinas-TSI/4_semestre/SW4/Projeto%201%20-%201ª%20Avaliação/JogoDaForca/web/index.xhtml</file>
        </group>
    </open-files>
</project-private>
